first_name,last_name
Ben,Wilson
Tristan,Handy
Claire,Carrol
Olivia,Fisher
Noah,Smith
Emma,Johnson
Liam,Williams
Amelia,Brown
Oliver,Jones
Ava,Miller
Elijah,Davis
Sophia,Garcia
Lucas,Rodriguez
Charlotte,Wilson
Mason,Martinez
Isabella,Anderson
Levi,Taylor
Mia,Thomas
James,Hernandez
Luna,Moore
Asher,Martin
Harper,Jackson
Mateo,Thompson
Gianna,White
Logan,Lopez
Evelyn,Lee
Benjamin,Gonzalez
Aria,Harris
Aiden,Clark
Ellie,Lewis
Leo,Robinson
Ella,Walker
Jack,Perez
Mila,Hall
Ethan,Young
Layla,Allen
William,Sanchez
Blessings,Wright
Leriel,King
Ryilee,Scott
Eero,Green
Camila,Baker
Sebastian,Adams
Lily,Nelson
Wyatt,Hill
Avery,Ramirez
Jackson,Campbell
Aurora,Mitchell
Grayson,Roberts
Scarlett,Carter
Daniel,Phillips
Nova,Evans
Henry,Turner
Riley,Torres
Carter,Parker
Sofia,Collins
Owen,Edwards
Abigail,Stewart
Muhammad,Flores
Chloe,Morris
Lincoln,Nguyen
Isla,Murphy
Julian,Rivera
Penelope,Cook
Michael,Rogers
Zoey,Morgan
Samuel,Peterson
Elena,Cooper
Alexander,Reed
Madison,Bailey
Jacob,Bell
Elizabeth,Gomez
Gabriel,Kelly
Nora,Howard
Ezra,Ward
Eleanor,Cox
Hudson,Diaz
Hazel,Richardson
Maverick,Wood
Emilia,Watson
Luke,Brooks
Stella,Bennett
Jayden,Gray
Paisley,James
Elias,Reyes
Eliana,Cruz
Josiah,Hughes
Maya,Price
David,Myers
Addison,Long
Matthew,Foster
Emily,Sanders
Isaiah,Ross
Willow,Morales
Joseph,Powell
Everly,Sullivan
Kai,Russell
Bella,Ortiz
Anthony,Jenkins
Ivy,Gutierrez
Jaxon,Perry
Litte,Butler
Eli,Barnes